Annot1,Annot-Peter,Annot3,Annot5,Annotator8,Annot9,Annot-Jenny
disease,disease,cheese,disease,disease,disease,disease
disease,disease,disease,disease,disease,disease,disease
cheese,cheese,cheese,cheese,cheese,cheese,disease
disease,disease,cheese,disease,disease,disease,disease
disease,cheese,cheese,disease,disease,disease,disease
disease,disease,cheese,disease,disease,disease,disease
cheese,cheese,cheese,cheese,cheese,cheese,disease
disease,disease,cheese,disease,disease,disease,cheese
cheese,cheese,cheese,cheese,cheese,disease,disease
disease,disease,cheese,disease,disease,disease,disease
disease,disease,cheese,disease,disease,disease,disease
disease,disease,cheese,cheese,disease,cheese,disease
disease,disease,cheese,disease,disease,disease,cheese
cheese,disease,cheese,cheese,disease,cheese,disease
disease,disease,cheese,disease,disease,disease,disease
disease,disease,cheese,disease,disease,disease,disease
disease,cheese,cheese,cheese,cheese,cheese,disease
disease,disease,cheese,disease,disease,disease,disease
disease,disease,cheese,disease,disease,disease,disease
disease,disease,cheese,disease,disease,disease,disease
disease,disease,cheese,disease,disease,cheese,disease
disease,disease,cheese,disease,disease,disease,disease
cheese,disease,cheese,disease,disease,disease,disease
disease,cheese,cheese,disease,cheese,disease,disease
disease,disease,cheese,disease,disease,disease,disease
disease,disease,cheese,disease,disease,disease,disease
disease,disease,cheese,disease,disease,disease,disease
cheese,disease,cheese,disease,cheese,disease,disease
disease,disease,cheese,disease,disease,disease,disease
disease,disease,cheese,disease,disease,disease,disease
disease,disease,cheese,disease,disease,disease,disease
disease,disease,cheese,disease,disease,disease,disease
disease,disease,cheese,disease,disease,disease,disease
disease,disease,cheese,disease,disease,disease,disease
disease,disease,cheese,disease,disease,disease,disease
disease,disease,cheese,disease,disease,disease,disease
disease,disease,cheese,disease,disease,disease,disease
disease,disease,cheese,disease,disease,disease,disease
disease,disease,cheese,disease,disease,disease,disease
disease,disease,cheese,disease,disease,disease,disease
disease,disease,cheese,disease,disease,disease,disease
disease,disease,cheese,disease,disease,disease,disease
disease,disease,cheese,disease,disease,disease,disease
disease,disease,cheese,disease,disease,disease,disease
disease,disease,cheese,disease,disease,disease,disease
disease,disease,cheese,disease,disease,disease,disease
disease,disease,cheese,disease,disease,disease,disease
disease,disease,cheese,disease,disease,disease,disease
disease,disease,cheese,disease,disease,disease,disease
disease,disease,cheese,disease,disease,disease,disease
disease,disease,cheese,disease,disease,disease,disease
disease,disease,cheese,disease,disease,disease,disease
disease,disease,cheese,disease,disease,disease,disease
disease,disease,cheese,disease,disease,disease,disease
disease,disease,cheese,disease,disease,disease,disease
disease,disease,cheese,disease,disease,disease,disease
disease,disease,cheese,disease,disease,disease,disease
disease,disease,cheese,disease,disease,disease,disease
disease,disease,cheese,disease,disease,disease,disease
disease,disease,cheese,disease,disease,disease,disease
disease,disease,cheese,disease,disease,disease,disease
disease,disease,cheese,disease,disease,disease,disease
disease,disease,cheese,disease,disease,disease,disease
disease,disease,cheese,disease,disease,disease,disease
disease,disease,cheese,disease,disease,disease,disease
disease,disease,cheese,disease,disease,disease,disease
disease,disease,cheese,disease,disease,disease,disease
disease,disease,cheese,disease,disease,disease,disease
disease,disease,cheese,disease,disease,disease,disease
disease,disease,cheese,disease,disease,disease,disease
disease,disease,cheese,disease,disease,disease,disease
disease,disease,cheese,disease,disease,disease,disease
disease,disease,cheese,disease,disease,disease,disease
disease,disease,cheese,disease,disease,disease,disease
disease,disease,cheese,disease,disease,disease,disease
disease,disease,cheese,disease,disease,disease,disease
disease,disease,cheese,disease,disease,disease,disease
disease,disease,cheese,disease,disease,disease,disease
disease,disease,cheese,disease,disease,disease,disease
disease,disease,cheese,disease,disease,disease,disease
disease,disease,cheese,disease,disease,disease,disease
disease,disease,cheese,disease,disease,disease,disease
disease,disease,cheese,disease,disease,disease,disease
disease,disease,cheese,disease,disease,disease,disease
disease,disease,cheese,disease,disease,disease,disease
disease,disease,cheese,disease,disease,disease,disease
disease,disease,cheese,disease,disease,disease,disease
disease,disease,cheese,disease,disease,disease,disease
disease,disease,cheese,disease,disease,disease,disease
disease,disease,cheese,disease,disease,disease,disease
disease,disease,cheese,disease,disease,disease,disease
disease,disease,cheese,disease,disease,disease,disease
disease,disease,cheese,disease,disease,disease,disease
disease,disease,cheese,disease,disease,disease,disease
disease,disease,cheese,disease,disease,disease,disease
disease,disease,cheese,disease,disease,disease,disease
disease,disease,cheese,disease,disease,disease,disease
disease,disease,cheese,disease,disease,disease,disease
disease,disease,cheese,disease,disease,disease,disease
disease,disease,cheese,disease,disease,disease,disease
disease,disease,cheese,disease,disease,disease,disease
disease,disease,cheese,disease,disease,disease,disease
disease,disease,cheese,disease,disease,disease,disease
disease,disease,cheese,disease,disease,disease,disease
disease,disease,cheese,disease,disease,disease,disease
disease,disease,cheese,disease,disease,disease,disease
disease,disease,cheese,disease,disease,disease,disease
disease,disease,cheese,disease,disease,disease,disease
disease,disease,cheese,disease,disease,disease,disease
disease,disease,cheese,disease,disease,disease,disease
disease,disease,cheese,disease,disease,disease,disease
disease,disease,cheese,disease,disease,disease,disease
disease,disease,cheese,disease,disease,disease,disease
disease,disease,cheese,disease,disease,disease,disease
disease,disease,cheese,disease,disease,disease,disease
disease,disease,cheese,disease,disease,disease,disease
disease,disease,cheese,disease,disease,disease,disease
disease,disease,cheese,disease,disease,disease,disease
disease,disease,cheese,disease,disease,disease,disease
disease,disease,cheese,disease,disease,disease,disease
disease,disease,cheese,disease,disease,disease,disease
disease,disease,cheese,disease,disease,disease,disease
disease,disease,cheese,disease,disease,disease,disease
disease,disease,cheese,disease,disease,disease,disease
disease,disease,cheese,disease,disease,disease,disease
disease,disease,cheese,disease,disease,disease,disease
disease,disease,cheese,disease,disease,disease,disease
disease,disease,cheese,disease,disease,disease,disease
disease,disease,cheese,disease,disease,disease,disease
disease,disease,cheese,disease,disease,disease,disease
disease,disease,cheese,disease,disease,disease,disease
disease,disease,cheese,disease,disease,disease,disease
disease,disease,cheese,disease,disease,disease,disease
disease,disease,cheese,disease,disease,disease,disease
disease,disease,cheese,disease,disease,disease,disease
disease,disease,cheese,disease,disease,disease,disease
disease,disease,cheese,disease,disease,disease,disease
disease,disease,cheese,disease,disease,disease,disease
disease,disease,cheese,disease,disease,disease,disease
disease,disease,cheese,disease,disease,disease,disease
disease,disease,cheese,disease,disease,disease,disease
disease,disease,cheese,disease,disease,disease,disease
disease,disease,cheese,disease,disease,disease,disease
disease,disease,cheese,disease,disease,disease,disease
disease,disease,cheese,disease,disease,disease,disease
disease,disease,cheese,disease,disease,disease,disease
disease,disease,cheese,disease,disease,disease,disease
disease,disease,cheese,disease,disease,disease,disease
disease,disease,cheese,disease,disease,disease,disease
disease,disease,cheese,disease,disease,disease,disease
disease,disease,cheese,disease,disease,disease,disease
disease,disease,cheese,disease,disease,disease,disease
disease,disease,cheese,disease,disease,disease,disease
disease,disease,cheese,disease,disease,disease,disease
disease,disease,cheese,disease,disease,disease,disease
disease,disease,cheese,disease,disease,disease,disease
disease,disease,cheese,disease,disease,disease,disease
disease,disease,cheese,disease,disease,disease,disease
disease,disease,cheese,disease,disease,disease,disease
disease,disease,cheese,disease,disease,disease,disease
disease,disease,cheese,disease,disease,disease,disease
disease,disease,cheese,disease,disease,disease,disease
disease,disease,cheese,disease,disease,disease,disease
disease,disease,cheese,disease,disease,disease,disease
disease,disease,cheese,disease,disease,disease,disease
disease,disease,cheese,disease,disease,disease,disease
disease,disease,cheese,disease,disease,disease,disease
disease,disease,cheese,disease,disease,disease,disease
disease,disease,cheese,disease,disease,disease,disease
disease,disease,cheese,disease,disease,disease,disease
disease,disease,cheese,disease,disease,disease,disease
disease,disease,cheese,disease,disease,disease,disease
disease,disease,cheese,disease,disease,disease,disease
disease,disease,cheese,disease,disease,disease,disease
disease,disease,cheese,disease,disease,disease,disease
disease,disease,cheese,disease,disease,disease,disease
disease,disease,cheese,disease,disease,disease,disease
disease,disease,cheese,disease,disease,disease,disease
disease,disease,cheese,disease,disease,disease,disease
disease,disease,cheese,disease,disease,disease,disease
disease,disease,cheese,disease,disease,disease,disease
disease,disease,cheese,disease,disease,disease,disease
disease,disease,cheese,disease,disease,disease,disease
disease,disease,cheese,disease,disease,disease,disease
disease,disease,cheese,disease,disease,disease,disease
disease,disease,cheese,disease,disease,disease,cheese
disease,disease,cheese,disease,disease,cheese,disease
disease,disease,cheese,disease,disease,disease,disease
disease,disease,cheese,disease,disease,disease,disease
disease,disease,cheese,disease,disease,disease,disease
disease,disease,cheese,disease,disease,disease,cheese
disease,disease,cheese,disease,disease,disease,disease
disease,disease,cheese,disease,cheese,disease,disease
disease,disease,cheese,disease,disease,disease,disease
disease,disease,cheese,disease,disease,disease,disease
disease,disease,cheese,disease,disease,disease,disease
disease,cheese,cheese,disease,disease,cheese,disease
cheese,disease,cheese,disease,disease,disease,disease
disease,disease,cheese,disease,disease,disease,disease
disease,disease,cheese,disease,disease,disease,disease
